,city,lat,lng,max_temp,humidity,cloudiness,windspeed,country,date,max_temp_cel
0,amderma,,,,,,,,,
1,staroutkinsk,57.2302,59.3348,288.34,96.0,100.0,2.57,RU,1624124622.0,15.189999999999998
2,busselton,-33.65,115.3333,286.51,85.0,100.0,4.13,AU,1624124247.0,13.360000000000014
3,carnarvon,-24.8667,113.6333,283.19,44.0,40.0,1.54,AU,1624124020.0,10.04000000000002
4,mataura,-46.1927,168.8643,273.97,98.0,23.0,1.31,NZ,1624124219.0,0.82000000000005
5,hermanus,-34.4187,19.2345,294.21,49.0,30.0,3.26,ZA,1624124246.0,21.060000000000002
6,bluff,-46.6,168.3333,274.15,87.0,9.0,4.06,NZ,1624124225.0,1.0
7,la ronge,55.1001,-105.2842,288.29,67.0,75.0,3.09,CA,1624124306.0,15.140000000000043
8,victoria,22.2855,114.1577,303.89,83.0,99.0,0.45,HK,1624124024.0,30.74000000000001
9,iqaluit,63.7506,-68.5145,277.0,75.0,75.0,4.02,CA,1624124256.0,3.8500000000000227
10,rikitea,-23.1203,-134.9692,297.14,73.0,91.0,7.58,PF,1624124219.0,23.99000000000001
11,avarua,-21.2078,-159.775,297.18,73.0,40.0,5.66,CK,1624124273.0,24.03000000000003
12,malindi,-3.2175,40.1191,299.24,69.0,20.0,7.72,KE,1624124623.0,26.090000000000032
13,plettenberg bay,-34.0527,23.3716,290.88,45.0,17.0,2.2,ZA,1624124623.0,17.730000000000018
14,taolanaro,,,,,,,,,
15,yellowknife,62.456,-114.3525,283.46,53.0,75.0,5.14,CA,1624124406.0,10.310000000000002
16,kamra,33.7473,73.5111,299.79,33.0,13.0,3.97,PK,1624124624.0,26.640000000000043
17,cherskiy,68.75,161.3,283.39,54.0,27.0,1.94,RU,1624124275.0,10.240000000000009
18,hobart,-42.8794,147.3294,281.51,92.0,90.0,0.0,AU,1624124222.0,8.360000000000014
19,waingapu,-9.6567,120.2641,297.14,90.0,15.0,2.9,ID,1624124624.0,23.99000000000001
20,esperance,-33.8667,121.9,283.06,59.0,98.0,7.46,AU,1624124315.0,9.910000000000025
21,astana,51.1801,71.446,285.12,58.0,0.0,4.0,KZ,1624124521.0,11.970000000000027
22,sanok,49.5557,22.2056,296.16,100.0,68.0,3.33,PL,1624124625.0,23.010000000000048
23,touros,-5.1989,-35.4608,299.65,68.0,29.0,6.94,BR,1624124257.0,26.5
24,hasaki,35.7333,140.8333,292.37,91.0,100.0,6.25,JP,1624124260.0,19.220000000000027
25,ranong,9.9658,98.6348,299.99,83.0,40.0,2.96,TH,1624124625.0,26.840000000000032
26,bonavista,48.6499,-53.1147,299.15,83.0,100.0,5.81,CA,1624124626.0,26.0
27,pimentel,-6.8367,-79.9342,297.31,78.0,20.0,2.68,PE,1624124264.0,24.160000000000025
28,ushuaia,-54.8,-68.3,278.96,81.0,75.0,6.17,AR,1624123998.0,5.810000000000002
29,bubaque,11.2833,-15.8333,299.67,80.0,88.0,7.38,GW,1624124280.0,26.52000000000004
30,gueret,46.1667,1.8667,292.5,96.0,98.0,2.59,FR,1624124626.0,19.350000000000023
31,khatanga,71.9667,102.5,286.0,69.0,90.0,5.97,RU,1624124253.0,12.850000000000023
32,barrow,71.2906,-156.7887,279.16,75.0,1.0,2.06,US,1624124217.0,6.010000000000048
33,bloomingdale,27.8936,-82.2404,307.57,68.0,40.0,1.79,US,1624124627.0,34.420000000000016
34,nizhneyansk,,,,,,,,,
35,saint george,37.1041,-113.5841,310.12,17.0,1.0,0.89,US,1624124327.0,36.97000000000003
36,punta arenas,-53.15,-70.9167,280.21,61.0,40.0,5.66,CL,1624124227.0,7.060000000000002
37,jaltenango,15.8719,-92.7247,302.23,66.0,78.0,1.35,MX,1624124627.0,29.08000000000004
38,tabiauea,,,,,,,,,
39,marand,38.4329,45.7749,301.34,31.0,18.0,4.13,IR,1624124628.0,28.189999999999998
40,emba,48.8264,58.1442,293.45,40.0,20.0,3.14,KZ,1624124254.0,20.30000000000001
41,rundu,-17.9333,19.7667,289.33,35.0,0.0,2.7,NA,1624124628.0,16.180000000000007
42,new norfolk,-42.7826,147.0587,281.32,87.0,85.0,0.45,AU,1624124238.0,8.170000000000016
43,limon,10.0,-83.0333,302.09,79.0,40.0,3.09,CR,1624124628.0,28.939999999999998
44,mingrelskaya,45.0134,38.3379,302.3,62.0,36.0,7.28,RU,1624124629.0,29.150000000000034
45,bajo baudo,,,,,,,,,
46,pangkalanbuun,-2.6833,111.6167,296.1,98.0,100.0,0.32,ID,1624124629.0,22.950000000000045
47,saldanha,-33.0117,17.9442,292.18,45.0,35.0,3.41,ZA,1624124242.0,19.03000000000003
48,chuy,-33.6971,-53.4616,285.87,90.0,94.0,3.07,UY,1624124309.0,12.720000000000027
49,macheng,31.1783,115.0319,294.13,90.0,99.0,0.18,CN,1624124630.0,20.980000000000018
50,petropavlovsk-kamchatskiy,53.0452,158.6483,279.48,93.0,75.0,2.0,RU,1624124228.0,6.330000000000041
51,taltal,-25.4,-70.4833,292.71,54.0,0.0,2.1,CL,1624124630.0,19.560000000000002
52,riachao das neves,-11.7461,-44.91,306.31,26.0,57.0,2.18,BR,1624124630.0,33.160000000000025
53,puerto ayora,-0.7393,-90.3518,300.13,86.0,63.0,3.13,EC,1624124221.0,26.980000000000018
54,longyearbyen,78.2186,15.6401,278.06,70.0,75.0,12.35,SJ,1624124434.0,4.910000000000025
55,saskylakh,71.9167,114.0833,294.93,53.0,52.0,2.63,RU,1624124223.0,21.78000000000003
56,hilo,19.7297,-155.09,298.86,76.0,1.0,2.57,US,1624124173.0,25.710000000000036
57,ribeira grande,38.5167,-28.7,296.37,78.0,40.0,8.75,PT,1624124246.0,23.220000000000027
58,mar del plata,-38.0023,-57.5575,284.26,55.0,20.0,2.24,AR,1624124171.0,11.110000000000014
59,dondo,-19.6094,34.7431,295.88,84.0,0.0,2.35,MZ,1624124631.0,22.730000000000018
60,carbondale,37.7273,-89.2168,304.29,61.0,20.0,3.09,US,1624124404.0,31.140000000000043
61,louisbourg,,,,,,,,,
62,saint-philippe,-21.3585,55.7679,293.27,74.0,20.0,4.66,RE,1624124225.0,20.120000000000005
63,loa janan,-0.583,117.095,295.92,99.0,63.0,0.79,ID,1624124632.0,22.77000000000004
64,churapcha,62.0025,132.4325,287.23,65.0,76.0,1.02,RU,1624124632.0,14.080000000000041
65,souillac,-20.5167,57.5167,295.36,64.0,40.0,5.14,MU,1624124245.0,22.210000000000036
66,kloulklubed,7.0419,134.2556,299.43,72.0,51.0,2.48,PW,1624124331.0,26.28000000000003
67,bilibino,68.0546,166.4372,278.91,88.0,99.0,1.22,RU,1624124308.0,5.760000000000048
68,lovington,32.944,-103.3485,306.66,21.0,17.0,2.24,US,1624124632.0,33.51000000000005
69,katsuura,35.1333,140.3,294.92,93.0,100.0,6.3,JP,1624124251.0,21.77000000000004
70,mettur,11.8,77.8,299.99,65.0,99.0,0.72,IN,1624124633.0,26.840000000000032
71,riberalta,-10.9833,-66.1,293.26,88.0,90.0,7.72,BO,1624124633.0,20.110000000000014
72,nikolskoye,59.7035,30.7861,301.09,63.0,7.0,0.93,RU,1624124232.0,27.939999999999998
73,tsihombe,,,,,,,,,
74,kapaa,22.0752,-159.319,299.37,83.0,75.0,4.63,US,1624124226.0,26.220000000000027
75,nguiu,,,,,,,,,
76,burnie,-41.0667,145.9167,281.29,84.0,14.0,2.25,AU,1624124237.0,8.140000000000043
77,constitucion,-35.3333,-72.4167,287.59,57.0,79.0,3.49,CL,1624124283.0,14.439999999999998
78,padang,-0.9492,100.3543,297.78,82.0,77.0,1.68,ID,1624124634.0,24.629999999999995
79,dikson,73.5069,80.5464,272.95,82.0,24.0,2.11,RU,1624124223.0,-0.19999999999998863
80,calabar,4.9517,8.322,298.33,86.0,86.0,2.17,NG,1624124392.0,25.180000000000007
81,cape town,-33.9258,18.4232,294.33,47.0,0.0,1.54,ZA,1624124404.0,21.180000000000007
82,chiang rai,19.9167,99.9167,300.14,78.0,0.0,2.57,TH,1624124635.0,26.99000000000001
83,jamestown,42.097,-79.2353,298.16,76.0,40.0,1.34,US,1624123988.0,25.010000000000048
84,albany,42.6001,-73.9662,304.03,42.0,52.0,0.45,US,1624123927.0,30.879999999999995
85,mahebourg,-20.4081,57.7,295.31,64.0,40.0,5.14,MU,1624124284.0,22.160000000000025
86,yatou,37.15,122.3833,294.13,73.0,40.0,4.91,CN,1624124635.0,20.980000000000018
87,tuktoyaktuk,69.4541,-133.0374,289.15,51.0,40.0,5.14,CA,1624124240.0,16.0
88,sawakin,19.1059,37.3321,306.88,41.0,12.0,3.75,SD,1624124635.0,33.73000000000002
89,hosangadi,13.7,74.95,296.99,96.0,100.0,1.64,IN,1624124636.0,23.840000000000032
90,ilulissat,69.2167,-51.1,280.16,53.0,40.0,2.57,GL,1624124262.0,7.010000000000048
91,illoqqortoormiut,,,,,,,,,
92,berlevag,70.8578,29.0864,280.16,88.0,100.0,4.72,NO,1624124443.0,7.010000000000048
93,te anau,-45.4167,167.7167,273.05,93.0,11.0,0.46,NZ,1624124261.0,-0.0999999999999659
94,bundaberg,-24.85,152.35,285.49,69.0,26.0,1.79,AU,1624124637.0,12.340000000000032
95,staryy nadym,65.6118,72.6842,283.43,68.0,61.0,3.63,RU,1624124637.0,10.28000000000003
96,shadrinsk,56.0852,63.6335,286.8,94.0,100.0,4.56,RU,1624124637.0,13.650000000000034
97,hashtrud,37.4779,47.0508,295.31,32.0,21.0,2.76,IR,1624124637.0,22.160000000000025
98,loubomo,-4.1997,12.6739,297.64,66.0,8.0,2.31,CG,1624124638.0,24.49000000000001
99,panacan,9.2463,118.4082,300.09,83.0,100.0,1.23,PH,1624124638.0,26.939999999999998
100,najran,17.4924,44.1277,305.51,12.0,25.0,2.78,SA,1624124337.0,32.360000000000014
101,bredasdorp,-34.5322,20.0403,284.77,87.0,20.0,2.57,ZA,1624124245.0,11.620000000000005
102,arraial do cabo,-22.9661,-42.0278,296.13,78.0,75.0,5.14,BR,1624123958.0,22.980000000000018
103,ovre ardal,61.3167,7.8,284.11,92.0,100.0,1.38,NO,1624124639.0,10.960000000000036
104,puerto escondido,15.85,-97.0667,302.61,51.0,40.0,2.06,MX,1624124473.0,29.460000000000036
105,east london,-33.0153,27.9116,289.67,77.0,0.0,2.06,ZA,1624124246.0,16.52000000000004
106,pevek,69.7008,170.3133,275.62,91.0,94.0,1.06,RU,1624124243.0,2.4700000000000273
107,jumla,29.2747,82.1838,289.58,94.0,99.0,0.75,NP,1624124639.0,16.430000000000007
108,attawapiskat,,,,,,,,,
109,stromness,58.965,-3.296,284.29,78.0,100.0,7.25,GB,1624124574.0,11.140000000000043
110,chokurdakh,70.6333,147.9167,289.04,49.0,22.0,2.71,RU,1624124230.0,15.890000000000043
111,vaini,-21.2,-175.2,295.24,94.0,20.0,2.57,TO,1624124235.0,22.090000000000032
112,pentecoste,-3.7928,-39.2703,301.3,48.0,95.0,3.67,BR,1624124640.0,28.150000000000034
113,barentsburg,,,,,,,,,
114,guadalupe y calvo,26.1,-106.9667,301.1,14.0,6.0,1.97,MX,1624124641.0,27.950000000000045
115,sri aman,1.2376,111.4621,297.18,94.0,100.0,1.03,MY,1624124641.0,24.03000000000003
116,palabuhanratu,,,,,,,,,
117,oranjemund,-28.55,16.4333,294.06,37.0,3.0,4.1,NA,1624124641.0,20.910000000000025
118,cidreira,-30.1811,-50.2056,287.93,95.0,100.0,4.7,BR,1624124240.0,14.78000000000003
119,luderitz,-26.6481,15.1594,292.51,44.0,2.0,1.97,NA,1624124238.0,19.360000000000014
120,tasiilaq,65.6145,-37.6368,275.24,68.0,88.0,2.94,GL,1624124243.0,2.090000000000032
121,jinchengjiang,,,,,,,,,
122,vanimo,-2.6741,141.3028,297.79,90.0,97.0,2.08,PG,1624124243.0,24.640000000000043
123,huarmey,-10.0681,-78.1522,295.15,72.0,77.0,5.0,PE,1624124642.0,22.0
124,hithadhoo,-0.6,73.0833,301.89,70.0,100.0,5.99,MV,1624124218.0,28.74000000000001
125,tapes,-30.6733,-51.3958,288.6,82.0,100.0,2.04,BR,1624124643.0,15.450000000000045
126,buluang,13.3068,123.3425,299.8,90.0,100.0,1.78,PH,1624124643.0,26.650000000000034
127,sola,-13.8833,167.55,300.17,77.0,53.0,5.07,VU,1624124287.0,27.02000000000004
128,kavieng,-2.5744,150.7967,299.21,79.0,13.0,2.04,PG,1624124248.0,26.060000000000002
129,wajima,37.4,136.9,292.48,92.0,50.0,4.29,JP,1624124289.0,19.33000000000004
130,oxelosund,58.6706,17.1015,301.11,64.0,0.0,5.66,SE,1624124644.0,27.960000000000036
131,kutum,14.2,24.6667,303.32,18.0,27.0,4.05,SD,1624124295.0,30.170000000000016
132,qaanaaq,77.484,-69.3632,277.84,51.0,31.0,0.77,GL,1624124220.0,4.689999999999998
133,harper,4.375,-7.7169,300.02,76.0,60.0,4.46,LR,1624124644.0,26.870000000000005
134,port blair,11.6667,92.75,301.19,79.0,39.0,4.2,IN,1624124358.0,28.04000000000002
135,bontang,0.1333,117.5,297.86,90.0,54.0,2.51,ID,1624124644.0,24.710000000000036
136,cabo san lucas,22.8909,-109.9124,310.66,54.0,1.0,4.63,MX,1624124014.0,37.51000000000005
137,banda aceh,5.5577,95.3222,300.21,82.0,100.0,3.63,ID,1624124645.0,27.060000000000002
138,santa rosa,14.3122,121.1114,302.14,82.0,97.0,3.6,PH,1624124645.0,28.99000000000001
139,kaitangata,-46.2817,169.8464,283.11,87.0,19.0,2.71,NZ,1624124265.0,9.960000000000036
140,alice springs,-23.7,133.8833,282.9,66.0,90.0,2.57,AU,1624124472.0,9.75
141,dingle,10.9995,122.6711,298.03,88.0,100.0,1.09,PH,1624124325.0,24.879999999999995
142,egvekinot,66.3167,-179.1667,277.42,82.0,87.0,0.62,RU,1624124358.0,4.270000000000039
143,castro,-24.7911,-50.0119,286.02,96.0,100.0,1.3,BR,1624124239.0,12.870000000000005
144,port alfred,-33.5906,26.891,291.12,62.0,3.0,5.36,ZA,1624124224.0,17.970000000000027
145,namibe,-15.1961,12.1522,293.72,77.0,3.0,4.69,AO,1624124646.0,20.57000000000005
146,heidenreichstein,48.8667,15.1167,301.46,72.0,45.0,1.48,AT,1624124646.0,28.310000000000002
147,cayenne,4.9333,-52.3333,304.17,75.0,75.0,1.34,GF,1624124446.0,31.02000000000004
148,olafsvik,64.8945,-23.7142,278.83,69.0,84.0,6.55,IS,1624124357.0,5.680000000000007
149,hamilton,39.1834,-84.5333,298.27,76.0,90.0,7.2,US,1624124123.0,25.120000000000005
150,gewane,10.1664,40.6453,308.25,16.0,99.0,2.3,ET,1624124647.0,35.10000000000002
151,grand-lahou,5.1367,-5.0242,298.87,85.0,82.0,4.19,CI,1624124647.0,25.720000000000027
152,grand river south east,,,,,,,,,
153,fuerte olimpo,-21.0415,-57.8738,286.69,77.0,100.0,2.6,PY,1624124647.0,13.54000000000002
154,santa ines,-3.6667,-45.38,303.18,62.0,31.0,2.57,BR,1624124648.0,30.03000000000003
155,butaritari,3.0707,172.7902,300.51,74.0,100.0,0.77,KI,1624124259.0,27.360000000000014
156,talnakh,69.4865,88.3972,281.78,98.0,96.0,2.41,RU,1624124364.0,8.629999999999995
157,hun,29.1268,15.9477,306.54,16.0,0.0,4.48,LY,1624124648.0,33.39000000000004
158,fort nelson,58.8053,-122.7002,292.92,42.0,75.0,2.06,CA,1624124223.0,19.77000000000004
159,sitka,57.0531,-135.33,287.09,72.0,20.0,3.6,US,1624124197.0,13.939999999999998
160,changli,39.7042,119.1506,298.12,37.0,17.0,2.8,CN,1624124649.0,24.970000000000027
161,mangrol,21.1167,70.1167,302.41,74.0,58.0,7.23,IN,1624124618.0,29.260000000000048
162,jodhpur,26.2867,73.03,301.76,69.0,93.0,7.17,IN,1624124649.0,28.610000000000014
163,tazovskiy,67.4667,78.7,279.27,72.0,100.0,1.09,RU,1624124649.0,6.1200000000000045
164,salihorsk,52.7876,27.5415,294.22,82.0,55.0,3.26,BY,1624124650.0,21.07000000000005
165,mount gambier,-37.8333,140.7667,278.1,93.0,100.0,0.51,AU,1624124305.0,4.9500000000000455
166,mildura,-34.2,142.15,279.3,100.0,0.0,2.57,AU,1624124564.0,6.150000000000034
167,airai,-8.9266,125.4092,287.12,94.0,60.0,1.54,TL,1624124245.0,13.970000000000027
168,hunza,,,,,,,,,
169,bethel,41.3712,-73.414,305.01,62.0,90.0,0.45,US,1624124425.0,31.860000000000014
170,camacha,33.0833,-16.3333,292.83,56.0,20.0,5.66,PT,1624124650.0,19.680000000000007
171,upernavik,72.7868,-56.1549,276.09,68.0,13.0,4.35,GL,1624124282.0,2.9399999999999977
172,namatanai,-3.6667,152.4333,298.32,84.0,28.0,2.5,PG,1624124236.0,25.170000000000016
173,norman wells,65.282,-126.8329,291.17,45.0,20.0,5.14,CA,1624124258.0,18.02000000000004
174,san patricio,28.017,-97.5169,307.08,47.0,31.0,3.71,US,1624124288.0,33.93000000000001
175,klaksvik,62.2266,-6.589,283.66,84.0,46.0,4.95,FO,1624124269.0,10.510000000000048
176,roebourne,-20.7833,117.1333,292.61,63.0,0.0,2.36,AU,1624124651.0,19.460000000000036
177,utiroa,,,,,,,,,
178,atuona,-9.8,-139.0333,299.9,72.0,19.0,8.99,PF,1624124227.0,26.75
179,faanui,-16.4833,-151.75,300.49,72.0,25.0,7.55,PF,1624124234.0,27.340000000000032
180,belawan,3.7755,98.6832,299.31,89.0,92.0,2.19,ID,1624124652.0,26.160000000000025
181,kijang,35.2442,129.2139,294.0,78.0,18.0,1.59,KR,1624124652.0,20.850000000000023
182,lebu,-37.6167,-73.65,284.71,63.0,87.0,2.12,CL,1624124317.0,11.560000000000002
183,lagos,6.5833,3.75,302.33,79.0,58.0,3.05,NG,1624124272.0,29.180000000000007
184,maumere,-8.6199,122.2111,298.27,80.0,86.0,1.42,ID,1624124653.0,25.120000000000005
185,talcahuano,-36.7167,-73.1167,286.97,67.0,40.0,2.57,CL,1624124653.0,13.82000000000005
186,verkhnevilyuysk,63.4453,120.3167,288.91,82.0,92.0,0.31,RU,1624124350.0,15.760000000000048
187,pyshchug,58.8873,45.7134,293.69,70.0,1.0,3.1,RU,1624124653.0,20.54000000000002
188,lorengau,-2.0226,147.2712,299.09,80.0,78.0,1.32,PG,1624124224.0,25.939999999999998
189,georgetown,5.4112,100.3354,299.11,92.0,40.0,0.89,MY,1624124342.0,25.960000000000036
190,fairbanks,64.8378,-147.7164,289.6,85.0,40.0,0.0,US,1624124105.0,16.450000000000045
191,neijiang,29.5835,105.0622,293.37,84.0,82.0,1.75,CN,1624124654.0,20.220000000000027
192,port hedland,-20.3167,118.5667,288.18,82.0,0.0,2.57,AU,1624124323.0,15.03000000000003
193,bras-panon,-20.9967,55.6782,293.3,66.0,6.0,5.37,RE,1624124654.0,20.150000000000034
194,westport,41.1415,-73.3579,306.34,67.0,69.0,0.45,US,1624124443.0,33.19
195,rongcheng,30.634,117.8517,293.39,97.0,100.0,0.8,CN,1624124654.0,20.24000000000001
196,dunedin,-45.8742,170.5036,280.82,85.0,62.0,0.45,NZ,1624124655.0,7.670000000000016
197,pipri,19.8,75.5333,298.5,70.0,100.0,6.99,IN,1624124655.0,25.350000000000023
198,husavik,66.0449,-17.3389,282.1,79.0,74.0,3.4,IS,1624124285.0,8.950000000000045
199,kendari,-3.945,122.4989,296.35,93.0,98.0,1.71,ID,1624124655.0,23.200000000000045
200,vao,-22.6667,167.4833,295.66,79.0,99.0,6.3,NC,1624124656.0,22.510000000000048
201,kodiak,57.79,-152.4072,281.88,93.0,90.0,5.14,US,1624123995.0,8.730000000000018
202,abu dhabi,24.4667,54.3667,306.21,79.0,0.0,3.6,AE,1624124432.0,33.06
203,boa vista,2.8197,-60.6733,303.14,62.0,75.0,5.14,BR,1624124514.0,29.99000000000001
204,bobonong,,,,,,,,,
205,ponta do sol,32.6667,-17.1,294.66,63.0,58.0,2.36,PT,1624124287.0,21.510000000000048
206,san policarpo,12.1791,125.5072,298.58,89.0,100.0,1.83,PH,1624124657.0,25.430000000000007
207,samusu,,,,,,,,,
208,bargal,,,,,,,,,
209,iranshahr,27.2025,60.6848,311.34,6.0,0.0,9.77,IR,1624124657.0,38.19
210,buala,-8.145,159.5921,299.5,80.0,100.0,2.28,SB,1624124657.0,26.350000000000023
211,coquimbo,-29.9533,-71.3436,290.0,63.0,0.0,4.63,CL,1624124103.0,16.850000000000023
212,cairns,-16.9167,145.7667,289.85,90.0,75.0,4.63,AU,1624124658.0,16.700000000000045
213,mehamn,71.0357,27.8492,279.85,84.0,100.0,4.33,NO,1624124229.0,6.7000000000000455
214,bayir,37.2687,28.2167,295.44,59.0,37.0,2.52,TR,1624124658.0,22.29000000000002
215,monte gordo,37.1819,-7.4523,294.34,53.0,93.0,5.83,PT,1624124658.0,21.189999999999998
216,mastic beach,40.7668,-72.8521,305.49,44.0,20.0,2.57,US,1624124659.0,32.34000000000003
217,gillette,44.2911,-105.5022,301.62,31.0,1.0,1.79,US,1624124659.0,28.470000000000027
218,maragogi,-9.0122,-35.2225,298.56,79.0,85.0,6.85,BR,1624124659.0,25.410000000000025
219,bandarbeyla,9.4942,50.8122,298.65,80.0,36.0,15.53,SO,1624124279.0,25.5
220,sentyabrskiy,,,,,,,,,
221,bandraboua,-12.7044,45.1223,298.97,72.0,10.0,5.43,YT,1624124660.0,25.82000000000005
222,sao paulo de olivenca,-3.3783,-68.8725,300.43,84.0,56.0,0.98,BR,1624124660.0,27.28000000000003
223,tiksi,71.6872,128.8694,290.65,48.0,43.0,1.54,RU,1624124218.0,17.5
224,champerico,14.3,-91.9167,306.91,74.0,100.0,2.2,GT,1624124660.0,33.76000000000005
225,mitu,1.1983,-70.1733,301.37,74.0,51.0,0.97,CO,1624124401.0,28.220000000000027
226,icod de los vinos,28.3724,-16.7119,294.01,70.0,36.0,3.79,ES,1624124661.0,20.860000000000014
227,elizabeth city,36.2946,-76.2511,307.05,59.0,1.0,4.02,US,1624124661.0,33.900000000000034
228,sao joao da barra,-21.6403,-41.0511,295.2,69.0,79.0,7.68,BR,1624124661.0,22.05000000000001
229,alofi,-19.0595,-169.9187,292.09,100.0,59.0,1.03,NU,1624124302.0,18.939999999999998
230,hami,42.8,93.45,301.24,14.0,99.0,0.84,CN,1624124338.0,28.090000000000032
231,saint-alexandre,44.2278,4.6214,300.52,59.0,78.0,6.14,FR,1624124662.0,27.370000000000005
232,belushya guba,,,,,,,,,
233,pingliang,35.5392,106.6861,292.12,42.0,99.0,1.22,CN,1624124662.0,18.970000000000027
234,shihezi,44.3,86.0333,296.88,36.0,86.0,2.85,CN,1624124663.0,23.730000000000018
235,jalu,29.0331,21.5482,302.83,21.0,0.0,6.28,LY,1624124663.0,29.680000000000007
236,yuzhno-yeniseyskiy,,,,,,,,,
237,thompson,55.7435,-97.8558,293.24,45.0,75.0,4.12,CA,1624124332.0,20.090000000000032
238,roma,43.2128,-75.4557,302.11,57.0,20.0,0.89,US,1624124663.0,28.960000000000036
239,lima,-12.0432,-77.0282,294.76,71.0,90.0,2.57,PE,1624124186.0,21.610000000000014
240,port hardy,50.6996,-127.4199,284.25,100.0,90.0,3.09,CA,1624124664.0,11.100000000000023
241,grindavik,63.8424,-22.4338,283.46,66.0,40.0,8.23,IS,1624124295.0,10.310000000000002
242,bambous virieux,-20.3428,57.7575,295.29,64.0,40.0,5.14,MU,1624124304.0,22.140000000000043
243,mogzon,51.7435,111.9606,280.97,96.0,97.0,1.36,RU,1624124664.0,7.82000000000005
244,ulladulla,-35.35,150.4667,284.87,71.0,93.0,8.3,AU,1624124665.0,11.720000000000027
245,marzuq,14.4,46.4667,302.44,15.0,29.0,0.95,YE,1624124665.0,29.29000000000002
246,karaul,,,,,,,,,
247,tarko-sale,64.9225,77.785,279.4,76.0,96.0,2.66,RU,1624124665.0,6.25
248,acari,-15.4311,-74.6158,297.98,52.0,75.0,3.7,PE,1624124666.0,24.83000000000004
249,tautira,-17.7333,-149.15,299.16,80.0,27.0,7.36,PF,1624124256.0,26.010000000000048
250,biak,-0.9131,122.8766,297.25,84.0,80.0,2.56,ID,1624124666.0,24.100000000000023
251,dolbeau,,,,,,,,,
252,powell river,49.8496,-124.5361,291.53,77.0,90.0,3.6,CA,1624124407.0,18.379999999999995
253,tessalit,20.1986,1.0114,313.46,6.0,2.0,1.09,ML,1624124667.0,40.31
254,taoudenni,22.6783,-3.9836,316.4,9.0,25.0,5.67,ML,1624124253.0,43.25
255,parkes,-33.1333,148.1833,278.9,80.0,1.0,2.85,AU,1624124667.0,5.75
256,cadereyta,25.5833,-99.9833,306.14,42.0,98.0,4.27,MX,1624124667.0,32.99000000000001
257,lavrentiya,65.5833,-171.0,282.25,66.0,16.0,2.09,RU,1624124313.0,9.100000000000023
258,pinega,64.7001,43.3936,285.57,66.0,55.0,1.68,RU,1624124668.0,12.420000000000016
259,makakilo city,21.3469,-158.0858,298.33,69.0,1.0,2.06,US,1624124299.0,25.180000000000007
260,port lincoln,-34.7333,135.8667,283.74,68.0,6.0,0.35,AU,1624124599.0,10.590000000000032
261,severodvinsk,64.5635,39.8302,289.21,80.0,23.0,0.76,RU,1624124433.0,16.060000000000002
262,zelenogradsk,54.9589,20.4767,300.18,65.0,0.0,2.0,RU,1624124669.0,27.03000000000003
263,pacific grove,36.6177,-121.9166,302.2,89.0,75.0,2.68,US,1624124227.0,29.05000000000001
264,sijunjung,-0.6876,100.9537,294.98,89.0,91.0,0.91,ID,1624124669.0,21.83000000000004
265,ostrovnoy,68.0531,39.5131,284.14,72.0,38.0,2.19,RU,1624124450.0,10.990000000000009
266,saravan,39.7196,45.6483,297.51,54.0,0.0,4.91,AM,1624124670.0,24.360000000000014
267,geraldton,-28.7667,114.6,280.38,81.0,24.0,5.66,AU,1624124463.0,7.230000000000018
268,taunggyi,20.7833,97.0333,290.3,94.0,74.0,1.95,MM,1624124670.0,17.150000000000034
269,praia da vitoria,38.7333,-27.0667,296.9,78.0,75.0,8.89,PT,1624124281.0,23.75
270,linhares,-19.3911,-40.0722,296.55,60.0,93.0,3.63,BR,1624124670.0,23.400000000000034
271,ankazoabo,-22.2833,44.5167,291.88,58.0,0.0,4.3,MG,1624124671.0,18.730000000000018
272,praia,14.9215,-23.5087,300.45,54.0,20.0,5.66,CV,1624124671.0,27.30000000000001
273,yarega,63.4354,53.5765,281.43,68.0,4.0,6.85,RU,1624124671.0,8.28000000000003
274,mys shmidta,,,,,,,,,
275,kalmunai,7.4167,81.8167,301.21,73.0,98.0,1.76,LK,1624124259.0,28.060000000000002
276,smithers,54.7804,-127.1743,287.33,54.0,20.0,1.54,CA,1624124583.0,14.180000000000007
277,fortuna,40.5982,-124.1573,290.92,71.0,5.0,3.26,US,1624124297.0,17.77000000000004
278,cabedelo,-6.9811,-34.8339,301.52,79.0,13.0,7.44,BR,1624124673.0,28.370000000000005
279,umm kaddadah,13.6017,26.6876,307.87,19.0,33.0,3.49,SD,1624124359.0,34.72000000000003
280,kununurra,-15.7667,128.7333,292.14,39.0,26.0,2.57,AU,1624124338.0,18.99000000000001
281,bassar,9.25,0.7833,303.63,58.0,52.0,1.64,TG,1624124673.0,30.480000000000018
282,quang ngai,15.1167,108.8,299.02,80.0,81.0,2.53,VN,1624124514.0,25.870000000000005
283,muli,2.9167,73.5667,301.75,75.0,97.0,6.32,MV,1624124263.0,28.600000000000023
284,brikama,13.2714,-16.6494,305.17,55.0,0.0,6.69,GM,1624124674.0,32.02000000000004
285,general pico,-35.6566,-63.7568,285.7,52.0,15.0,4.26,AR,1624124674.0,12.550000000000011
286,altay,47.8667,88.1167,291.02,53.0,98.0,1.24,CN,1624124675.0,17.870000000000005
287,tahe,52.3333,124.7333,283.48,100.0,64.0,1.32,CN,1624124675.0,10.330000000000041
288,hovd,48.0056,91.6419,292.81,42.0,100.0,1.9,MN,1624124675.0,19.660000000000025
289,gizo,-8.103,156.8419,300.21,77.0,62.0,2.33,SB,1624124269.0,27.060000000000002
290,raahe,64.6833,24.4833,287.2,67.0,94.0,3.32,FI,1624124676.0,14.050000000000011
291,caravelas,-17.7125,-39.2481,297.2,62.0,78.0,4.32,BR,1624124284.0,24.05000000000001
292,ixtapa,20.7,-105.2,301.61,74.0,90.0,2.06,MX,1624124244.0,28.460000000000036
293,samarai,-10.6167,150.6667,298.92,77.0,100.0,5.93,PG,1624124220.0,25.77000000000004
294,tumannyy,,,,,,,,,
295,gashua,12.871,11.0482,308.96,26.0,79.0,2.31,NG,1624124676.0,35.81
296,damghan,36.1683,54.348,301.39,26.0,0.0,3.8,IR,1624124676.0,28.24000000000001
297,aripuana,-9.1667,-60.6333,303.69,52.0,88.0,0.76,BR,1624123946.0,30.54000000000002
298,zarubino,42.63,131.0922,285.88,91.0,99.0,4.97,RU,1624124677.0,12.730000000000018
299,leningradskiy,69.3833,178.4167,277.34,90.0,82.0,1.28,RU,1624124286.0,4.189999999999998
300,manicaragua,22.1494,-79.9736,304.78,59.0,90.0,2.78,CU,1624124677.0,31.629999999999995
301,provideniya,64.3833,-173.3,285.3,59.0,58.0,0.84,RU,1624124233.0,12.150000000000034
302,tuatapere,-46.1333,167.6833,274.16,91.0,4.0,1.72,NZ,1624124307.0,1.0100000000000477
303,port elizabeth,-33.918,25.5701,289.87,88.0,0.0,2.57,ZA,1624124292.0,16.720000000000027
304,kuah,6.3265,99.8432,299.14,94.0,40.0,1.03,MY,1624124678.0,25.99000000000001
305,muroto,33.2833,134.15,295.9,84.0,100.0,1.79,JP,1624124678.0,22.75
306,nome,64.5011,-165.4064,289.88,66.0,20.0,2.06,US,1624124342.0,16.730000000000018
307,khandbari,27.3747,87.2039,294.58,96.0,100.0,0.87,NP,1624124679.0,21.430000000000007
308,armidale,-30.5167,151.65,279.16,97.0,100.0,2.38,AU,1624124679.0,6.010000000000048
309,kegalla,,,,,,,,,
310,narsaq,60.9167,-46.05,283.27,79.0,100.0,1.42,GL,1624124325.0,10.120000000000005
311,saleaula,,,,,,,,,
312,breves,-1.6822,-50.4803,302.12,71.0,63.0,2.62,BR,1624124679.0,28.970000000000027
313,namtsy,62.7161,129.6658,286.21,70.0,60.0,0.86,RU,1624124680.0,13.060000000000002
314,ust-maya,60.4167,134.5333,285.65,73.0,40.0,0.64,RU,1624124253.0,12.5
315,worthington,40.0931,-83.018,300.72,69.0,1.0,0.89,US,1624124629.0,27.57000000000005
316,shuangyang,43.5242,125.6736,290.13,91.0,100.0,5.11,CN,1624124680.0,16.980000000000018
317,faya,18.3851,42.4509,298.21,51.0,93.0,1.47,SA,1624124680.0,25.060000000000002
318,codrington,-38.2667,141.9667,283.88,77.0,100.0,2.2,AU,1624124299.0,10.730000000000018
319,flin flon,54.7682,-101.865,293.06,49.0,75.0,4.63,CA,1624124439.0,19.910000000000025
320,oktyabrskiy,54.4815,53.471,290.92,81.0,12.0,5.08,RU,1624124681.0,17.77000000000004
321,severo-kurilsk,50.6789,156.125,279.33,90.0,84.0,1.45,RU,1624124278.0,6.180000000000007
322,naze,28.3667,129.4833,296.99,85.0,100.0,3.87,JP,1624124323.0,23.840000000000032
323,aklavik,68.2191,-135.0107,295.61,37.0,20.0,5.14,CA,1624124224.0,22.460000000000036
324,kajaani,64.2273,27.7285,290.18,67.0,0.0,1.54,FI,1624124682.0,17.03000000000003
325,gat,31.61,34.7642,298.6,100.0,0.0,3.12,IL,1624124461.0,25.450000000000045
326,bajram curri,42.3554,20.0784,298.22,78.0,40.0,1.64,AL,1624124682.0,25.07000000000005
327,valparaiso,-33.0393,-71.6273,292.28,57.0,0.0,3.09,CL,1624124682.0,19.129999999999995
328,portree,57.4129,-6.1942,287.51,72.0,89.0,1.89,GB,1624124683.0,14.360000000000014
329,perth,-31.9333,115.8333,285.42,94.0,90.0,4.63,AU,1624124414.0,12.270000000000039
330,kruisfontein,-34.0033,24.7314,288.64,31.0,27.0,2.35,ZA,1624124242.0,15.490000000000009
331,sorbhog,26.5,90.8667,296.98,98.0,100.0,1.85,IN,1624124683.0,23.83000000000004
332,vila velha,-20.3297,-40.2925,294.12,88.0,75.0,1.54,BR,1624124125.0,20.970000000000027
333,toccoa,34.5773,-83.3324,303.81,73.0,100.0,4.44,US,1624124385.0,30.660000000000025
334,tumaco,1.7986,-78.8156,300.4,76.0,89.0,4.78,CO,1624124684.0,27.25
335,beasain,43.0502,-2.2009,302.01,87.0,82.0,1.73,ES,1624124684.0,28.860000000000014
336,comodoro rivadavia,-45.8667,-67.5,282.07,43.0,0.0,7.2,AR,1624124684.0,8.920000000000016
337,sol-iletsk,51.1631,54.9918,291.52,61.0,9.0,2.52,RU,1624124685.0,18.370000000000005
338,ruatoria,,,,,,,,,
339,qena,26.1615,32.7183,308.21,7.0,0.0,4.65,EG,1624124685.0,35.06
340,daru,-9.0763,143.2092,298.46,79.0,82.0,5.83,PG,1624124627.0,25.310000000000002
341,qaqortoq,60.7167,-46.0333,283.43,83.0,100.0,1.69,GL,1624124685.0,10.28000000000003
342,santa fe,-31.6333,-60.7,289.83,43.0,7.0,0.45,AR,1624124686.0,16.680000000000007
343,pisco,-13.7,-76.2167,292.18,77.0,90.0,2.57,PE,1624124233.0,19.03000000000003
344,yanam,16.7333,82.2167,301.25,74.0,100.0,2.91,IN,1624124320.0,28.100000000000023
345,muros,42.7762,-9.0603,290.42,78.0,97.0,5.75,ES,1624124686.0,17.27000000000004
346,bandarban,22.1965,92.2262,296.45,98.0,100.0,2.21,BD,1624124686.0,23.30000000000001
347,bengkulu,-3.8004,102.2655,297.95,86.0,97.0,1.8,ID,1624124251.0,24.80000000000001
348,cabinda,-5.55,12.2,299.23,78.0,20.0,3.6,AO,1624124687.0,26.08000000000004
349,torbay,47.6666,-52.7314,289.42,89.0,90.0,1.54,CA,1624124128.0,16.27000000000004
350,vaitupu,,,,,,,,,
351,bereda,43.2686,-7.5406,291.71,86.0,99.0,2.66,ES,1624124687.0,18.560000000000002
352,sumenep,-7.0167,113.8667,299.43,82.0,76.0,2.32,ID,1624124688.0,26.28000000000003
353,ukiah,39.1502,-123.2078,309.83,34.0,1.0,1.54,US,1624124688.0,36.68000000000001
354,kavaratti,10.5669,72.642,301.41,77.0,55.0,8.38,IN,1624124688.0,28.260000000000048
355,jiangyou,31.7667,104.7167,291.97,92.0,44.0,0.57,CN,1624124688.0,18.82000000000005
356,maridi,4.9158,29.4742,293.28,94.0,82.0,2.2,SS,1624124689.0,20.129999999999995
357,shizunai,42.3339,142.3669,285.5,94.0,100.0,3.77,JP,1624124689.0,12.350000000000023
358,konstantinovka,49.6167,127.9833,286.18,96.0,68.0,3.33,RU,1624124689.0,13.03000000000003
359,ketchenery,,,,,,,,,
360,neulengbach,48.1974,15.9022,304.75,76.0,28.0,0.85,AT,1624124690.0,31.600000000000023
361,kieta,-6.2167,155.6333,298.07,83.0,14.0,0.64,PG,1624124690.0,24.920000000000016
362,palmares do sul,-30.2578,-50.5097,288.19,91.0,100.0,2.36,BR,1624124690.0,15.04000000000002
363,sao filipe,14.8961,-24.4956,296.59,77.0,2.0,6.55,CV,1624124307.0,23.439999999999998
364,waddan,29.1614,16.139,306.12,18.0,0.0,4.62,LY,1624124308.0,32.97000000000003
365,bolungarvik,,,,,,,,,
366,sioux lookout,50.1001,-91.917,286.19,76.0,90.0,2.57,CA,1624124220.0,13.04000000000002
367,lerwick,60.1545,-1.1494,284.15,63.0,100.0,3.35,GB,1624124691.0,11.0
368,killybegs,54.6333,-8.45,290.99,64.0,100.0,4.79,IE,1624124691.0,17.840000000000032
369,timmins,48.4669,-81.3331,287.05,82.0,90.0,3.09,CA,1624124692.0,13.900000000000034
370,minab,27.1467,57.0801,304.87,50.0,0.0,2.27,IR,1624124692.0,31.720000000000027
371,garowe,8.4054,48.4845,302.31,43.0,49.0,10.61,SO,1624124692.0,29.160000000000025
372,otterup,55.5153,10.3976,292.75,87.0,65.0,3.97,DK,1624124692.0,19.600000000000023
373,bairiki,1.3292,172.9752,300.75,67.0,89.0,1.11,KI,1624124693.0,27.600000000000023
374,saint-pacome,,,,,,,,,
375,altagracia de orituco,9.8601,-66.3814,304.68,46.0,46.0,3.01,VE,1624124693.0,31.53000000000003
376,nouadhibou,20.931,-17.0347,297.14,57.0,0.0,9.77,MR,1624124242.0,23.99000000000001
377,aykhal,66.0,111.5,290.7,52.0,100.0,1.5,RU,1624124694.0,17.55000000000001
378,kurkino,53.4257,38.6582,291.62,82.0,1.0,2.0,RU,1624124694.0,18.470000000000027
379,wewak,-3.5534,143.6268,298.38,84.0,57.0,1.47,PG,1624124694.0,25.230000000000018
380,ibia,-19.4783,-46.5389,298.85,27.0,0.0,4.21,BR,1624124695.0,25.700000000000045
381,guerrero negro,27.9769,-114.0611,294.93,64.0,8.0,8.21,MX,1624124290.0,21.78000000000003
382,changping,40.2186,116.2197,299.55,28.0,30.0,5.36,CN,1624124695.0,26.400000000000034
383,zuwarah,32.9312,12.082,299.29,58.0,1.0,6.3,LY,1624124695.0,26.140000000000043
384,mezen,65.8522,44.24,281.81,79.0,72.0,2.41,RU,1624124572.0,8.660000000000025
385,santiago,-33.4569,-70.6483,289.36,54.0,20.0,1.03,CL,1624124459.0,16.210000000000036
386,mataram,-8.5833,116.1167,296.6,86.0,60.0,1.71,ID,1624124696.0,23.450000000000045
387,bouca,6.5105,18.2733,298.62,63.0,72.0,1.8,CF,1624124696.0,25.470000000000027
388,nemuro,43.3236,145.575,282.56,95.0,100.0,3.74,JP,1624124638.0,9.410000000000025
389,warqla,,,,,,,,,
390,tilichiki,60.4667,166.1,279.17,84.0,100.0,2.3,RU,1624124217.0,6.020000000000039
391,valle de guadalupe,21.0,-102.6167,291.83,71.0,100.0,5.71,MX,1624124697.0,18.680000000000007
392,jaypur,18.85,82.5833,297.1,83.0,100.0,2.44,IN,1624124697.0,23.950000000000045
393,vanavara,60.34,102.2797,286.54,90.0,76.0,1.31,RU,1624124697.0,13.390000000000043
394,pasni,25.2631,63.471,301.54,81.0,4.0,4.46,PK,1624124697.0,28.390000000000043
395,havre-saint-pierre,50.2334,-63.5986,287.35,88.0,90.0,5.14,CA,1624124698.0,14.200000000000045
396,solnechnyy,50.7214,136.6319,287.14,80.0,100.0,1.34,RU,1624124698.0,13.990000000000009
397,norrtalje,59.758,18.705,298.2,75.0,1.0,2.79,SE,1624124698.0,25.05000000000001
398,mackenzie,55.2999,-123.1698,287.27,62.0,1.0,4.12,CA,1624124286.0,14.120000000000005
399,khonuu,,,,,,,,,
400,moyale,3.5167,39.0584,294.31,62.0,99.0,6.86,KE,1624124699.0,21.160000000000025
401,mount isa,-20.7333,139.5,283.02,57.0,29.0,3.6,AU,1624124699.0,9.870000000000005
402,eregli,37.5133,34.0467,294.75,31.0,25.0,1.79,TR,1624124699.0,21.600000000000023
403,hofn,64.2539,-15.2082,279.49,90.0,100.0,2.98,IS,1624124241.0,6.340000000000032
404,fukue,32.6881,128.8419,294.94,77.0,56.0,3.57,JP,1624124700.0,21.79000000000002
405,sovetskiy,61.3614,63.5842,285.55,97.0,100.0,4.38,RU,1624124700.0,12.400000000000034
406,mnogovershinnyy,53.9353,139.9242,281.88,62.0,94.0,1.67,RU,1624124700.0,8.730000000000018
407,alamosa,37.4695,-105.87,301.29,46.0,1.0,0.0,US,1624124701.0,28.140000000000043
408,buqayq,,,,,,,,,
409,alugan,12.2188,125.4808,298.31,90.0,100.0,1.66,PH,1624124701.0,25.160000000000025
410,avezzano,42.0402,13.4388,298.53,60.0,15.0,4.02,IT,1624124457.0,25.379999999999995
411,salinopolis,-0.6136,-47.3561,302.27,67.0,47.0,5.31,BR,1624124702.0,29.120000000000005
412,ereymentau,51.6199,73.1033,281.13,62.0,34.0,2.09,KZ,1624124702.0,7.980000000000018
413,coihaique,-45.5752,-72.0662,281.49,53.0,40.0,1.54,CL,1624124702.0,8.340000000000032
414,tabou,4.423,-7.3528,299.92,76.0,45.0,4.5,CI,1624124702.0,26.77000000000004
415,parana,-31.732,-60.5238,289.58,45.0,6.0,2.18,AR,1624124703.0,16.430000000000007
416,kungurtug,50.5994,97.5228,284.72,60.0,15.0,0.69,RU,1624124307.0,11.57000000000005
417,natal,-5.795,-35.2094,300.27,74.0,75.0,6.17,BR,1624124661.0,27.120000000000005
418,tres de maio,-27.7733,-54.24,285.99,95.0,100.0,4.62,BR,1624124704.0,12.840000000000032
419,coxim,-18.5067,-54.76,302.13,36.0,1.0,4.38,BR,1624124669.0,28.980000000000018
420,lakhdenpokhya,61.5198,30.1992,294.72,62.0,4.0,3.3,RU,1624124705.0,21.57000000000005
421,dutlwe,-23.9833,23.9,286.54,64.0,54.0,4.34,BW,1624124705.0,13.390000000000043
422,ermioni,37.3869,23.2442,299.51,58.0,32.0,1.75,GR,1624124705.0,26.360000000000014
423,aginskoye,51.1,114.53,283.38,95.0,93.0,3.56,RU,1624124706.0,10.230000000000018
424,otane,-39.8833,176.6333,284.48,99.0,100.0,0.42,NZ,1624124706.0,11.330000000000041
425,inirida,3.8653,-67.9239,301.85,77.0,78.0,0.62,CO,1624124361.0,28.700000000000045
426,umzimvubu,,,,,,,,,
427,paamiut,61.994,-49.6678,279.07,83.0,100.0,11.62,GL,1624124456.0,5.920000000000016
428,samalaeulu,,,,,,,,,
429,mecca,21.4267,39.8261,306.57,25.0,5.0,2.9,SA,1624124268.0,33.420000000000016
430,palembang,-2.9167,104.7458,296.83,90.0,99.0,1.68,ID,1624124707.0,23.680000000000007
431,grand gaube,-20.0064,57.6608,295.37,73.0,1.0,1.34,MU,1624124254.0,22.220000000000027
432,los llanos de aridane,28.6585,-17.9182,294.01,66.0,40.0,7.2,ES,1624124322.0,20.860000000000014
433,high level,58.5169,-117.136,291.21,45.0,20.0,7.2,CA,1624124707.0,18.060000000000002
434,virginia beach,36.8529,-75.978,307.6,49.0,20.0,5.66,US,1624124443.0,34.450000000000045
435,tabuk,17.4189,121.4443,297.5,77.0,77.0,1.19,PH,1624124708.0,24.350000000000023
436,teya,60.3778,92.6267,288.91,96.0,83.0,0.79,RU,1624124300.0,15.760000000000048
437,gouyave,12.1646,-61.7296,301.58,79.0,40.0,7.2,GD,1624124708.0,28.430000000000007
438,madisonville,37.3281,-87.4989,303.93,61.0,100.0,1.34,US,1624124708.0,30.78000000000003
439,pakxan,18.3778,103.6601,298.42,83.0,67.0,1.11,LA,1624124709.0,25.27000000000004
440,coahuayana,18.7333,-103.6833,298.86,95.0,100.0,10.86,MX,1624124283.0,25.710000000000036
441,sulangan,11.1373,123.7228,301.67,75.0,100.0,2.14,PH,1624124709.0,28.52000000000004
442,riyadh,24.6877,46.7219,313.18,6.0,0.0,5.14,SA,1624124709.0,40.03000000000003
443,lasa,46.6166,10.7002,300.1,72.0,80.0,1.29,IT,1624124335.0,26.950000000000045
444,hibbing,47.4272,-92.9377,290.29,63.0,90.0,2.06,US,1624124710.0,17.140000000000043
445,mandalgovi,45.7625,106.2708,289.49,39.0,67.0,3.41,MN,1624124710.0,16.340000000000032
446,kumeny,58.1089,49.9161,295.49,62.0,12.0,5.7,RU,1624124710.0,22.340000000000032
447,sinnamary,5.3833,-52.95,302.61,65.0,7.0,5.25,GF,1624124293.0,29.460000000000036
448,kuito,-12.3833,16.9333,287.12,34.0,9.0,0.27,AO,1624124711.0,13.970000000000027
449,azimur,,,,,,,,,
450,quatre cocos,-20.2078,57.7625,295.21,61.0,5.0,7.54,MU,1624124326.0,22.060000000000002
451,necochea,-38.5473,-58.7368,283.17,53.0,100.0,2.9,AR,1624124711.0,10.020000000000039
452,paita,-5.0892,-81.1144,298.46,67.0,34.0,5.69,PE,1624124711.0,25.310000000000002
453,vilhena,-12.7406,-60.1458,301.27,57.0,0.0,4.12,BR,1624124712.0,28.120000000000005
454,kahului,20.8947,-156.47,299.17,74.0,20.0,2.57,US,1624124712.0,26.02000000000004
455,san cristobal,7.7669,-72.225,302.25,61.0,44.0,3.24,VE,1624124712.0,29.100000000000023
456,portsmouth,50.799,-1.0913,288.98,94.0,100.0,1.79,GB,1624124480.0,15.830000000000041
457,ancud,-41.8697,-73.8203,281.61,78.0,98.0,2.25,CL,1624124267.0,8.460000000000036
458,brezice,45.9033,15.5911,303.5,65.0,75.0,2.06,SI,1624124713.0,30.350000000000023
459,mitsamiouli,-11.3847,43.2844,298.59,71.0,7.0,6.24,KM,1624124355.0,25.439999999999998
460,colares,38.7992,-9.4469,293.33,61.0,20.0,4.02,PT,1624124713.0,20.180000000000007
461,garwolin,51.8975,21.6147,301.96,78.0,74.0,3.66,PL,1624124687.0,28.810000000000002
462,oda,35.1833,132.5,290.58,85.0,18.0,1.59,JP,1624124632.0,17.430000000000007
463,marcona,,,,,,,,,
464,fez,34.0372,-4.9998,295.29,49.0,75.0,2.06,MA,1624124654.0,22.140000000000043
465,sistranda,63.7256,8.834,287.13,86.0,100.0,8.56,NO,1624124714.0,13.980000000000018
466,karratha,-20.7377,116.8463,292.56,62.0,0.0,2.19,AU,1624124340.0,19.410000000000025
467,taldan,53.6667,124.8,283.83,99.0,63.0,2.02,RU,1624124714.0,10.680000000000007
468,narrabri,-30.3167,149.7833,281.22,87.0,58.0,2.06,AU,1624124715.0,8.07000000000005
469,ngukurr,,,,,,,,,
470,nieuw amsterdam,5.8833,-55.0833,305.45,66.0,40.0,5.14,SR,1624124715.0,32.30000000000001
471,ola,59.5833,151.2833,283.26,71.0,86.0,2.2,RU,1624124290.0,10.110000000000014
472,golden rock,,,,,,,,,
473,thyboron,56.6985,8.2124,289.36,87.0,75.0,6.42,DK,1624124715.0,16.210000000000036
474,thunder bay,48.4001,-89.3168,289.14,61.0,90.0,1.54,CA,1624124716.0,15.990000000000009
475,tubruq,,,,,,,,,
476,pathein,16.7833,94.7333,299.43,88.0,98.0,1.91,MM,1624124427.0,26.28000000000003
477,beloha,-25.1667,45.05,291.42,80.0,38.0,5.33,MG,1624124327.0,18.27000000000004
478,vardo,70.3705,31.1107,280.74,86.0,82.0,4.43,NO,1624124278.0,7.590000000000032
479,zhigansk,66.7697,123.3711,289.54,63.0,86.0,1.63,RU,1624124288.0,16.390000000000043
480,pringsewu,-5.3582,104.9744,296.48,92.0,99.0,1.55,ID,1624124716.0,23.33000000000004
481,quelimane,-17.8786,36.8883,296.12,83.0,40.0,2.57,MZ,1624124717.0,22.970000000000027
482,poum,-20.2333,164.0167,296.22,83.0,54.0,5.25,NC,1624124317.0,23.07000000000005
483,manggar,-2.8833,108.2667,299.49,81.0,100.0,2.18,ID,1624124717.0,26.340000000000032
484,florianopolis,-27.6146,-48.5012,290.72,93.0,90.0,0.45,BR,1624124717.0,17.57000000000005
485,trstenik,43.6169,21.0025,296.38,95.0,67.0,2.04,RS,1624124718.0,23.230000000000018
486,marolambo,-20.05,48.1167,288.13,99.0,46.0,1.34,MG,1624124718.0,14.980000000000018
487,ngunguru,-35.6167,174.5,285.46,87.0,44.0,6.36,NZ,1624124718.0,12.310000000000002
488,teguldet,57.3064,88.1667,289.0,99.0,100.0,2.18,RU,1624124321.0,15.850000000000023
489,anadyr,64.75,177.4833,278.43,75.0,0.0,1.79,RU,1624124719.0,5.28000000000003
490,hambantota,6.1241,81.1185,300.28,77.0,97.0,8.47,LK,1624124343.0,27.129999999999995
491,dong hoi,17.4833,106.6,302.4,70.0,91.0,2.46,VN,1624124719.0,29.25
492,williston,48.147,-103.618,300.14,34.0,89.0,0.89,US,1624124719.0,26.99000000000001
493,brigham city,41.5102,-112.0155,307.6,18.0,1.0,0.45,US,1624124720.0,34.450000000000045
494,aflu,,,,,,,,,
495,chumphon,10.3333,98.8333,296.29,93.0,29.0,1.72,TH,1624124720.0,23.140000000000043
496,maneadero,31.7167,-116.5667,291.54,89.0,27.0,0.45,MX,1624124472.0,18.390000000000043
497,auki,-8.7676,160.7034,297.76,83.0,100.0,2.0,SB,1624124720.0,24.610000000000014
498,milton,34.1322,-84.3007,297.98,89.0,100.0,0.45,US,1624124721.0,24.83000000000004
499,barra do garcas,-15.89,-52.2567,307.47,31.0,20.0,3.09,BR,1624124306.0,34.32000000000005
500,zihuatanejo,17.6333,-101.55,298.2,94.0,90.0,5.14,MX,1624124721.0,25.05000000000001
501,la troncal,-2.4,-79.3333,304.04,74.0,95.0,1.41,EC,1624124721.0,30.890000000000043
502,margate,51.3813,1.3862,288.88,88.0,96.0,0.89,GB,1624124722.0,15.730000000000018
503,rawson,-43.3002,-65.1023,282.98,49.0,1.0,8.63,AR,1624124271.0,9.830000000000041
504,altamira,-3.2033,-52.2064,303.2,70.0,75.0,3.09,BR,1624124722.0,30.05000000000001
505,salalah,17.0151,54.0924,300.2,89.0,75.0,4.63,OM,1624124226.0,27.05000000000001
506,bambanglipuro,-7.95,110.2833,286.82,89.0,99.0,1.58,ID,1624124722.0,13.670000000000016
507,nanortalik,60.1432,-45.2371,278.68,83.0,100.0,5.8,GL,1624124227.0,5.53000000000003
508,badaojiang,,,,,,,,,
509,clyde river,70.4692,-68.5914,274.28,100.0,90.0,2.06,CA,1624124218.0,1.1299999999999955
510,vostok,46.4856,135.8833,280.22,85.0,100.0,1.71,RU,1624124276.0,7.07000000000005
511,lagoa,39.05,-27.9833,293.06,91.0,41.0,7.79,PT,1624124234.0,19.910000000000025
512,cape coast,5.1053,-1.2466,299.6,81.0,91.0,5.42,GH,1624124319.0,26.450000000000045
513,kyra,49.5776,111.9753,284.47,77.0,95.0,2.4,RU,1624124723.0,11.32000000000005
514,komsomolskiy,40.4272,71.7189,299.55,27.0,34.0,1.03,UZ,1624124301.0,26.400000000000034
515,sangar,63.9242,127.4739,288.24,55.0,84.0,0.8,RU,1624124724.0,15.090000000000032
516,tuni,17.35,82.55,300.25,77.0,100.0,2.08,IN,1624124724.0,27.100000000000023
517,wadi musa,30.3222,35.4793,293.0,49.0,0.0,3.71,JO,1624124724.0,19.850000000000023
518,lata,40.1629,-8.3327,292.62,80.0,98.0,3.79,PT,1624124725.0,19.470000000000027
519,ainazi,57.8636,24.3578,294.34,73.0,3.0,4.77,LV,1624124725.0,21.189999999999998
520,mizan teferi,6.9833,35.5833,288.62,97.0,99.0,0.85,ET,1624124725.0,15.470000000000027
521,iskateley,67.6803,53.1512,276.79,80.0,95.0,9.02,RU,1624124451.0,3.640000000000043
522,mocambique,,,,,,,,,
523,kuandian,40.7286,124.7847,286.1,92.0,39.0,0.52,CN,1624124726.0,12.950000000000045
524,areosa,41.7178,-8.8571,291.06,77.0,99.0,2.89,PT,1624124726.0,17.910000000000025
525,vagur,61.4732,-6.8119,281.93,84.0,95.0,3.04,FO,1624124726.0,8.78000000000003
526,san carlos,9.6612,-68.5827,304.17,56.0,68.0,2.33,VE,1624124727.0,31.02000000000004
527,bujumbura,-3.3822,29.3644,295.39,77.0,95.0,1.1,BI,1624124727.0,22.24000000000001
528,golaghat,26.5167,93.9667,297.29,96.0,97.0,2.89,IN,1624124727.0,24.140000000000043
529,gulshat,,,,,,,,,
530,tkvarcheli,,,,,,,,,
531,borisoglebskiy,57.2586,39.1508,298.95,80.0,31.0,3.28,RU,1624124728.0,25.80000000000001
532,keetmanshoop,-26.5833,18.1333,293.66,22.0,0.0,3.6,NA,1624124728.0,20.510000000000048
533,lompoc,34.6391,-120.4579,303.82,90.0,1.0,2.57,US,1624124320.0,30.670000000000016
534,benguela,-12.5763,13.4055,296.2,78.0,1.0,2.17,AO,1624124728.0,23.05000000000001
535,prado,-17.3411,-39.2208,297.49,62.0,79.0,5.11,BR,1624124548.0,24.340000000000032
536,lolua,,,,,,,,,
537,riachao do dantas,-11.0689,-37.725,300.1,53.0,17.0,5.63,BR,1624124729.0,26.950000000000045
538,soyo,-6.1349,12.3689,299.18,84.0,4.0,4.99,AO,1624124729.0,26.03000000000003
539,farim,12.4839,-15.2217,312.31,23.0,43.0,2.66,GW,1624124730.0,39.160000000000025
540,olinda,-8.0089,-34.8553,296.0,88.0,75.0,2.06,BR,1624124275.0,22.850000000000023
541,tura,25.5198,90.2201,295.12,96.0,100.0,2.82,IN,1624124689.0,21.970000000000027
542,bowen,-20.0167,148.2333,282.27,47.0,91.0,2.77,AU,1624124730.0,9.120000000000005
543,bintulu,3.1667,113.0333,297.38,100.0,40.0,2.68,MY,1624124730.0,24.230000000000018
544,newport,51.5877,-2.9984,289.69,80.0,100.0,3.56,GB,1624124731.0,16.54000000000002
545,el alto,-4.2714,-81.2147,296.96,66.0,40.0,7.05,PE,1624124731.0,23.810000000000002
546,ust-kuyga,70.0167,135.6,295.38,41.0,99.0,1.34,RU,1624124731.0,22.230000000000018
547,play cu,,,,,,,,,
548,simbach,48.5667,12.75,302.95,79.0,92.0,3.38,DE,1624124732.0,29.80000000000001
549,buchanan,5.8808,-10.0467,300.13,83.0,85.0,3.58,LR,1624124732.0,26.980000000000018
550,lodwar,3.1191,35.5973,303.33,35.0,99.0,3.47,KE,1624124261.0,30.180000000000007
551,crossville,35.949,-85.0269,301.09,68.0,20.0,2.24,US,1624124732.0,27.939999999999998
552,mizdah,31.4451,12.9801,307.25,19.0,3.0,4.54,LY,1624124733.0,34.10000000000002
553,bermeo,43.4209,-2.7215,298.32,79.0,55.0,3.2,ES,1624124733.0,25.170000000000016
554,broome,42.2506,-75.833,302.42,50.0,20.0,0.45,US,1624124289.0,29.27000000000004
555,amargosa,-13.0303,-39.6047,298.66,52.0,75.0,3.92,BR,1624124733.0,25.510000000000048
556,tual,-5.6667,132.75,300.34,79.0,67.0,9.97,ID,1624124303.0,27.189999999999998
557,tala,30.6803,30.9429,297.36,37.0,0.0,3.76,EG,1624124734.0,24.210000000000036
558,fergus falls,46.283,-96.0776,295.52,50.0,1.0,3.58,US,1624124734.0,22.370000000000005
559,shimoda,34.6667,138.95,293.8,96.0,100.0,1.22,JP,1624124734.0,20.650000000000034
560,chicama,-7.8447,-79.1469,291.45,62.0,49.0,4.34,PE,1624124735.0,18.30000000000001
561,slyudyanka,51.6594,103.7061,287.65,70.0,41.0,2.43,RU,1624124735.0,14.5
562,vibo valentia,38.6996,16.1274,294.48,71.0,43.0,1.75,IT,1624124735.0,21.33000000000004
563,tuy hoa,13.0833,109.3,298.85,85.0,27.0,2.84,VN,1624124736.0,25.700000000000045
564,machico,32.7,-16.7667,294.75,61.0,20.0,4.63,PT,1624124736.0,21.600000000000023
565,acarau,-2.8856,-40.12,301.58,70.0,76.0,4.79,BR,1624124309.0,28.430000000000007
566,ingham,42.6,-84.3833,294.12,94.0,90.0,6.69,US,1624124736.0,20.970000000000027
567,locri,38.2414,16.2623,300.68,61.0,58.0,3.37,IT,1624124737.0,27.53000000000003
568,contai,21.7786,87.7536,299.07,88.0,100.0,7.26,IN,1624124737.0,25.920000000000016
569,williams lake,52.1415,-122.1445,285.91,76.0,90.0,1.34,CA,1624124737.0,12.760000000000048
570,kirakira,-10.4544,161.9205,299.23,84.0,93.0,3.09,SB,1624124224.0,26.08000000000004
571,san gabriel casa blanca,18.15,-97.1333,302.66,53.0,92.0,1.39,MX,1624124738.0,29.510000000000048
572,le port,-20.9373,55.2919,293.49,94.0,9.0,2.19,RE,1624124278.0,20.340000000000032
573,whitefish,48.4111,-114.3376,295.99,56.0,1.0,0.0,US,1624124319.0,22.840000000000032
574,avera,33.194,-82.5271,299.98,85.0,100.0,2.81,US,1624124738.0,26.83000000000004
575,capljina,43.1214,17.6844,305.23,65.0,14.0,1.0,BA,1624124739.0,32.08000000000004
576,high rock,26.6208,-78.2833,303.16,73.0,100.0,5.44,BS,1624124739.0,30.010000000000048
577,sovetskaya gavan,48.9723,140.2878,280.93,69.0,100.0,1.52,RU,1624124739.0,7.78000000000003
578,manokwari,-0.8667,134.0833,297.86,82.0,57.0,1.66,ID,1624124294.0,24.710000000000036
579,imbituba,-28.24,-48.6703,290.09,96.0,100.0,6.64,BR,1624124740.0,16.939999999999998
580,skegness,53.1436,0.3363,289.31,83.0,100.0,6.23,GB,1624124740.0,16.160000000000025
581,korla,41.7597,86.1469,297.4,27.0,2.0,1.83,CN,1624124275.0,24.25
582,lasem,-6.6922,111.4527,298.43,83.0,55.0,1.31,ID,1624124740.0,25.28000000000003
583,batagay,67.6333,134.6333,292.37,52.0,96.0,0.96,RU,1624124734.0,19.220000000000027
584,kostomuksha,64.571,30.5767,290.08,43.0,78.0,2.34,RU,1624124741.0,16.930000000000007
585,pangai,-19.8,-174.35,298.1,70.0,21.0,5.3,TO,1624124741.0,24.950000000000045
586,bathsheba,13.2167,-59.5167,303.49,66.0,20.0,9.26,BB,1624124233.0,30.340000000000032
587,zhezkazgan,47.8043,67.7144,288.23,29.0,9.0,2.76,KZ,1624124741.0,15.080000000000041
588,umm lajj,25.0213,37.2685,303.65,43.0,0.0,3.64,SA,1624124221.0,30.5
589,saint-joseph,-21.3667,55.6167,292.71,73.0,14.0,4.54,RE,1624124742.0,19.560000000000002
590,myshkin,57.7897,38.4545,294.64,81.0,11.0,3.12,RU,1624124742.0,21.49000000000001
591,burkhala,,,,,,,,,
592,kompaniyivka,48.2511,32.208,293.64,88.0,100.0,4.11,UA,1624124742.0,20.49000000000001
593,redlands,34.0556,-117.1825,316.73,43.0,1.0,0.0,US,1624124707.0,43.58000000000004
594,mogadishu,2.0371,45.3438,298.55,82.0,62.0,8.07,SO,1624124065.0,25.400000000000034
595,hirara,24.8,125.2833,302.26,81.0,100.0,0.51,JP,1624124321.0,29.110000000000014
596,dali,25.7,100.1833,290.6,92.0,19.0,2.71,CN,1624124743.0,17.450000000000045
597,shingu,33.7333,135.9833,294.21,93.0,98.0,2.3,JP,1624124743.0,21.060000000000002
598,ossora,59.2353,163.0719,278.76,97.0,100.0,3.49,RU,1624124744.0,5.610000000000014
599,malmesbury,-33.4608,18.7271,293.03,34.0,44.0,1.8,ZA,1624124744.0,19.879999999999995
600,igarka,67.4667,86.5833,279.53,94.0,88.0,2.44,RU,1624124744.0,6.3799999999999955
601,portland,45.5234,-122.6762,295.34,65.0,75.0,0.45,US,1624124514.0,22.189999999999998
602,batemans bay,-35.7167,150.1833,285.32,71.0,90.0,5.84,AU,1624124745.0,12.170000000000016
603,iquique,-20.2208,-70.1431,291.17,72.0,38.0,3.33,CL,1624124745.0,18.02000000000004
604,otofuke,42.9917,143.2003,282.89,98.0,100.0,1.82,JP,1624124745.0,9.740000000000009
605,ulaangom,49.9811,92.0667,291.4,50.0,64.0,1.78,MN,1624124746.0,18.25
606,eydhafushi,5.1033,73.0708,301.46,75.0,59.0,6.39,MV,1624124249.0,28.310000000000002
607,soligalich,59.0778,42.2864,293.41,72.0,3.0,2.64,RU,1624124746.0,20.260000000000048
608,iquitos,-3.7481,-73.2472,302.17,74.0,75.0,3.6,PE,1624124747.0,29.02000000000004
609,san andres,12.5847,-81.7006,304.16,74.0,75.0,6.17,CO,1624124747.0,31.010000000000048
610,homer,59.6425,-151.5483,285.42,89.0,90.0,1.54,US,1624124576.0,12.270000000000039
